Ttr	Ttr
Vtn	Vtn
Cldn5	Cldn5
Lsamp	Lsamp
Enpp2	Enpp2
Flt1	Flt1
Acta2	Acta2
Bsg	Bsg
Ptn	Ptn
Cd74	Cd74
Ly6c1	Ly6c1
Nrxn3	Nrxn3
Il12b	Il12b
Ccl4	Ccl4
Nrxn1	Nrxn1
Apoe	Apoe
Tagln	Tagln
Lhfpl3	Lhfpl3
Pcdh9	Pcdh9
Slco1a4	Slco1a4
Rgs5	Rgs5
Cxcl12	Cxcl12
Kcnip4	Kcnip4
Gpc5	Gpc5
Itm2a	Itm2a
Cxcl2	Cxcl2
Spp1	Spp1
Klf2	Klf2
Atp1a2	Atp1a2
Mgp	Mgp
H2-Aa	H2-Aa
Slc1a2	Slc1a2
Apod	Apod
Mrc1	Mrc1
Csmd1	Csmd1
Spock2	Spock2
Sox2ot	Sox2ot
Pltp	Pltp
Ly6a	Ly6a
Opcml	Opcml
Dbi	Dbi
Sparcl1	Sparcl1
Lrrtm4	Lrrtm4
Igfbp7	Igfbp7
Ptprz1	Ptprz1
Lrrc4c	Lrrc4c
Serpine1	Serpine1
Slco1c1	Slco1c1
Il1b	Il1b
Meg3	Meg3
Ptprd	Ptprd
Fos	Fos
Nlgn1	Nlgn1
Nrg3	Nrg3
Atp13a5	Atp13a5
Cadm2	Cadm2
Anks1b	Anks1b
Ccl3	Ccl3
Ptprg	Ptprg
Dlc1	Dlc1
Mt3	Mt3
Sptbn1	Sptbn1
Tenm2	Tenm2
H2-Eb1	H2-Eb1
Tpm2	Tpm2
Kcnd2	Kcnd2
Ptprb	Ptprb
Plcb1	Plcb1
Dlg2	Dlg2
Adgrl4	Adgrl4
Crip1	Crip1
H2-Ab1	H2-Ab1
Rbfox1	Rbfox1
Erbb4	Erbb4
Myl9	Myl9
Cald1	Cald1
Dpp10	Dpp10
Tnf	Tnf
Adarb2	Adarb2
Csmd3	Csmd3
Ntm	Ntm
Ebf1	Ebf1
F13a1	F13a1
Lyz2	Lyz2
Ctla2a	Ctla2a
Igfbp2	Igfbp2
Dcn	Dcn
Lrp1b	Lrp1b
Adamts1	Adamts1
Myh11	Myh11
Atf3	Atf3
Cntnap2	Cntnap2
Ctnna2	Ctnna2
C1qa	C1qa
Jun	Jun
Tnr	Tnr
AY036118	AY036118
Reln	Reln
Cxcl10	Cxcl10
Trpm3	Trpm3
Igf1r	Igf1r
Il1a	Il1a
Ptgds	Ptgds
Slc2a1	Slc2a1
Clu	Clu
Ecrg4	Ecrg4
Syt1	Syt1
Id1	Id1
Mt1	Mt1
H3f3b	H3f3b
Itih5	Itih5
Ccl12	Ccl12
Pf4	Pf4
Nxph1	Nxph1
Npas3	Npas3
Abcb1a	Abcb1a
Nrgn	Nrgn
Lingo2	Lingo2
Mdga2	Mdga2
Egr1	Egr1
Pcdh15	Pcdh15
Grm7	Grm7
Snhg11	Snhg11
Adgrb3	Adgrb3
Luzp2	Luzp2
Dscam	Dscam
Cd83	Cd83
Fam155a	Fam155a
Robo2	Robo2
Il1rapl1	Il1rapl1
Ablim1	Ablim1
Ctsd	Ctsd
Nrg1	Nrg1
Ramp2	Ramp2
Csf1	Csf1
Auts2	Auts2
Fgf14	Fgf14
Mecom	Mecom
Ifrd1	Ifrd1
Junb	Junb
Nkain2	Nkain2
Ccl5	Ccl5
Hmcn1	Hmcn1
2900040C04Rik	2900040C04Rik
Nfkbiz	Nfkbiz
Grid2	Grid2
Pglyrp1	Pglyrp1
Ifitm3	Ifitm3
Hspb1	Hspb1
Id3	Id3
Ccl7	Ccl7
Magi2	Magi2
Nfib	Nfib
Prkg1	Prkg1
Meis2	Meis2
Epas1	Epas1
Tm4sf1	Tm4sf1
Hist1h1b	Hist1h1b
Gm42418	Gm42418
Icam1	Icam1
Sgms1	Sgms1
Fgf13	Fgf13
Tyrobp	Tyrobp
Dmd	Dmd
Sgcz	Sgcz
Dgkb	Dgkb
C1qb	C1qb
Ccl2	Ccl2
Vim	Vim
Plpp3	Plpp3
Aldoc	Aldoc
Nfkbia	Nfkbia
Sema3c	Sema3c
Car4	Car4
Timp3	Timp3
Htr2c	Htr2c
Fth1	Fth1
Sox11	Sox11
Plxdc2	Plxdc2
Tsc22d1	Tsc22d1
Ccdc141	Ccdc141
Ctnnd2	Ctnnd2
Cspg5	Cspg5
Higd1b	Higd1b
Syne1	Syne1
Chchd10	Chchd10
Fry	Fry
Ctss	Ctss
Adgrf5	Adgrf5
Ccl8	Ccl8
Fn1	Fn1
Tmsb4x	Tmsb4x
Ier2	Ier2
Plek	Plek
Dcc	Dcc
Cmss1	Cmss1
Gem	Gem
Ctnna3	Ctnna3
Sorbs2	Sorbs2
Cst3	Cst3
Rgs1	Rgs1
Rora	Rora
Tmtc2	Tmtc2
Clic4	Clic4
Cntn5	Cntn5
Btg2	Btg2
Grm5	Grm5
Kitl	Kitl
Atp10a	Atp10a
Tmsb10	Tmsb10
Slc6a6	Slc6a6
Dusp1	Dusp1
Stmn1	Stmn1
Lef1	Lef1
Hexb	Hexb
Nebl	Nebl
Slc6a20a	Slc6a20a
Abcc9	Abcc9
Utrn	Utrn
Ncam2	Ncam2
Kcnh7	Kcnh7
Nav3	Nav3
Adgrl3	Adgrl3
Myo1e	Myo1e
Gm38505	Gm38505
Tgfbr1	Tgfbr1
Tuba1a	Tuba1a
Dhx40	Dhx40
Pde8b	Pde8b
Gria2	Gria2
Grm3	Grm3
Egfl7	Egfl7
Dlgap1	Dlgap1
Rgs4	Rgs4
Itga1	Itga1
Ccl24	Ccl24
Pdgfra	Pdgfra
Abcg2	Abcg2
Negr1	Negr1
Nav2	Nav2
Rasgef1b	Rasgef1b
Cd209f	Cd209f
Gpcpd1	Gpcpd1
Dab2	Dab2
Pdgfrb	Pdgfrb
Mapkapk2	Mapkapk2
Gpnmb	Gpnmb
Kcnq5	Kcnq5
Skap1	Skap1
Slc16a1	Slc16a1
Lrrc7	Lrrc7
Zfp36	Zfp36
Brinp3	Brinp3
Fosb	Fosb
Olig1	Olig1
Ccl6	Ccl6
Gng11	Gng11
Sgcd	Sgcd
Tjp1	Tjp1
Wfdc17	Wfdc17
Gkn3	Gkn3
Itk	Itk
Dlx6os1	Dlx6os1
Folr1	Folr1
Kirrel3	Kirrel3
C1qc	C1qc
Ier3	Ier3
Calm1	Calm1
Errfi1	Errfi1
Slc39a10	Slc39a10
Dnm3	Dnm3
Ppp1r15a	Ppp1r15a
Galntl6	Galntl6
Macrod2	Macrod2
Slc4a4	Slc4a4
Gabrb1	Gabrb1
Cntn4	Cntn4
Myl6	Myl6
Klf4	Klf4
Penk	Penk
Tnfaip2	Tnfaip2
S100a6	S100a6
Jcad	Jcad
Tnfaip3	Tnfaip3
Hist1h2ap	Hist1h2ap
Dennd4a	Dennd4a
Hist1h2bc	Hist1h2bc
Tpm1	Tpm1
Prom1	Prom1
Top2a	Top2a
Hs6st3	Hs6st3
Nnat	Nnat
Map1b	Map1b
Arhgap31	Arhgap31
Ccnd2	Ccnd2
Pde4b	Pde4b
Cpe	Cpe
Sept4	Sept4
Sostdc1	Sostdc1
Pde3b	Pde3b
Vcam1	Vcam1
Ncam1	Ncam1
Gbp5	Gbp5
Calml4	Calml4
Igf2	Igf2
Akap12	Akap12
Nlrp3	Nlrp3
Cd79a	Cd79a
Malt1	Malt1
Snap25	Snap25
Srgn	Srgn
Tanc2	Tanc2
Lpl	Lpl
Frmpd4	Frmpd4
Grik2	Grik2
Mal	Mal
Sdc4	Sdc4
Mylk	Mylk
Fxyd1	Fxyd1
Cemip	Cemip
Ftl1	Ftl1
Zfp36l1	Zfp36l1
Lrmda	Lrmda
Cxcl1	Cxcl1
Ank	Ank
Rgs2	Rgs2
Prlr	Prlr
Plcl1	Plcl1
Slc8a1	Slc8a1
Edn1	Edn1
Cd52	Cd52
Lama2	Lama2
Slc38a11	Slc38a11
Tnip3	Tnip3
Emcn	Emcn
Ly86	Ly86
Notch3	Notch3
B3galt1	B3galt1
Pcdh7	Pcdh7
Cyyr1	Cyyr1
Kcnb2	Kcnb2
Vcan	Vcan
Ifitm1	Ifitm1
Slc1a3	Slc1a3
4933406I18Rik	4933406I18Rik
Hmgb2	Hmgb2
Ldlrad4	Ldlrad4
Nostrin	Nostrin
Stmn2	Stmn2
Arl4a	Arl4a
Tfrc	Tfrc
Ralyl	Ralyl
Tafa1	Tafa1
Pik3r1	Pik3r1
Crip2	Crip2
Gpm6b	Gpm6b
Ifi27l2a	Ifi27l2a
Jund	Jund
Rnf19b	Rnf19b
Sparc	Sparc
H2-D1	H2-D1
Sox6	Sox6
Actb	Actb
9530026P05Rik	9530026P05Rik
Rundc3b	Rundc3b
S1pr1	S1pr1
Slc7a1	Slc7a1
Nkg7	Nkg7
Gpm6a	Gpm6a
Gm2682	Gm2682
Itih3	Itih3
Mertk	Mertk
Pcp4	Pcp4
Kcnj8	Kcnj8
Nhs	Nhs
Cd14	Cd14
Cx3cr1	Cx3cr1
Phactr1	Phactr1
Ccrl2	Ccrl2
Nts	Nts
Asic2	Asic2
Gatm	Gatm
Grip1	Grip1
Fam183b	Fam183b
Inpp4b	Inpp4b
Rarres2	Rarres2
Robo1	Robo1
Fabp5	Fabp5
Mfge8	Mfge8
Prex2	Prex2
Cavin2	Cavin2
Ptprt	Ptprt
Pln	Pln
Arl5c	Arl5c
Bcl2a1b	Bcl2a1b
P2ry12	P2ry12
Wdr17	Wdr17
Mgat4c	Mgat4c
Elmo1	Elmo1
Lama1	Lama1
Egr3	Egr3
Fau	Fau
Gm13889	Gm13889
Gja1	Gja1
Ccn3	Ccn3
Mmp16	Mmp16
Esam	Esam
St6galnac3	St6galnac3
Cd9	Cd9
Cntn1	Cntn1
Pde3a	Pde3a
Cacna1c	Cacna1c
Dusp2	Dusp2
Ank3	Ank3
Arhgap15	Arhgap15
Cdk8	Cdk8
Gadd45b	Gadd45b
Ndnf	Ndnf
Zbtb20	Zbtb20
Sspo	Sspo
Ckb	Ckb
Sntg1	Sntg1
Apold1	Apold1
Atp1b1	Atp1b1
Epha6	Epha6
Dnah12	Dnah12
Ctsz	Ctsz
Id2	Id2
Ccser1	Ccser1
Crispld2	Crispld2
Gpc6	Gpc6
Slc35f1	Slc35f1
Fhit	Fhit
Grin2b	Grin2b
Srgap2	Srgap2
Calb2	Calb2
Pecam1	Pecam1
Cybb	Cybb
Gfap	Gfap
Fam20c	Fam20c
Lcn2	Lcn2
Ctsb	Ctsb
Mafb	Mafb
Npy	Npy
Cebpb	Cebpb
Cd274	Cd274
Gria1	Gria1
Erc2	Erc2
Tubb2b	Tubb2b
Unc5d	Unc5d
Abcc4	Abcc4
Rtn1	Rtn1
Cst7	Cst7
Sqstm1	Sqstm1
Cd86	Cd86
Gucy1b1	Gucy1b1
Zeb2	Zeb2
Cobll1	Cobll1
Ms4a4b	Ms4a4b
Pbx1	Pbx1
Sgk1	Sgk1
Klf6	Klf6
Acer2	Acer2
Hip1	Hip1
Tubb4b	Tubb4b
Cacnb2	Cacnb2
Socs3	Socs3
Igfbpl1	Igfbpl1
Dleu2	Dleu2
Fermt2	Fermt2
Ahnak	Ahnak
Tpt1	Tpt1
Atp5g1	Atp5g1
Cp	Cp
Pcp4l1	Pcp4l1
Pdgfd	Pdgfd
Selenop	Selenop
Fgf12	Fgf12
Tbx3os1	Tbx3os1
Ndrg1	Ndrg1
Slc9a3r2	Slc9a3r2
Slc24a2	Slc24a2
Slc6a11	Slc6a11
Mef2c	Mef2c
Chka	Chka
Cd163	Cd163
C5ar1	C5ar1
Kctd16	Kctd16
Ptprk	Ptprk
Arhgap29	Arhgap29
Glul	Glul
Tcf4	Tcf4
Xylt1	Xylt1
Map2	Map2
Rbp1	Rbp1
Celf2	Celf2
Gm32647	Gm32647
Ptprm	Ptprm
Palmd	Palmd
Nr4a1	Nr4a1
Tek	Tek
Ntsr2	Ntsr2
Bcas1	Bcas1
Ctsc	Ctsc
Creb5	Creb5
Fat3	Fat3
Wwox	Wwox
Bcl2a1d	Bcl2a1d
Gpr183	Gpr183
Gria4	Gria4
Fbxl7	Fbxl7
Gm3764	Gm3764
Picalm	Picalm
Trem2	Trem2
Immp2l	Immp2l
Mir142hg	Mir142hg
Mir99ahg	Mir99ahg
Tmeff2	Tmeff2
Clec2d	Clec2d
Dock4	Dock4
Slc15a3	Slc15a3
Cd3g	Cd3g
Egfem1	Egfem1
Arhgap6	Arhgap6
Ptma	Ptma
Rapgef5	Rapgef5
Alcam	Alcam
Isg15	Isg15
Cldn10	Cldn10
Cdkn1a	Cdkn1a
Epb41l2	Epb41l2
Colec12	Colec12
Tmcc3	Tmcc3
Slc7a5	Slc7a5
Inpp5d	Inpp5d
Ppp2r2b	Ppp2r2b
Hdac9	Hdac9
Sox5	Sox5
Gpr34	Gpr34
Unc5c	Unc5c
Rbpms	Rbpms
Prnp	Prnp
Sept7	Sept7
Foxq1	Foxq1
Tbc1d4	Tbc1d4
Eef1a1	Eef1a1
Dlgap2	Dlgap2
Tshz2	Tshz2
Nedd4	Nedd4
Ccdc85a	Ccdc85a
Grap2	Grap2
Fabp7	Fabp7
Kctd12	Kctd12
H2-K1	H2-K1
Wipf1	Wipf1
Gm35188	Gm35188
Ly6e	Ly6e
Ifit2	Ifit2
Apbb1ip	Apbb1ip
Mt2	Mt2
Rhob	Rhob
Sorbs1	Sorbs1
Trps1	Trps1
Cenpf	Cenpf
Heg1	Heg1
Nfkb1	Nfkb1
Qk	Qk
Ncf1	Ncf1
Rsad2	Rsad2
Rasal2	Rasal2
Lrfn5	Lrfn5
Dach1	Dach1
Mast4	Mast4
Dcstamp	Dcstamp
Fcer1g	Fcer1g
Htra1	Htra1
Zfp804b	Zfp804b
Apcdd1	Apcdd1
Eng	Eng
Apoc1	Apoc1
Rorb	Rorb
Hs3st4	Hs3st4
Mustn1	Mustn1
Etl4	Etl4
Dpp6	Dpp6
Hsp90aa1	Hsp90aa1
Nol4	Nol4
Sat1	Sat1
Cd209b	Cd209b
Limch1	Limch1
Pitpnc1	Pitpnc1
Gpr37l1	Gpr37l1
Pag1	Pag1
Tmx4	Tmx4
Maml3	Maml3
Dock2	Dock2
Enox1	Enox1
Dab1	Dab1
Ntrk2	Ntrk2
Pla2g7	Pla2g7
Ube2c	Ube2c
P2ry14	P2ry14
Basp1	Basp1
Lgmn	Lgmn
Prdx6	Prdx6
Il10	Il10
Ssh2	Ssh2
Olfm1	Olfm1
Marcksl1	Marcksl1
Agt	Agt
Numb	Numb
Col4a3bp	Col4a3bp
Ccn2	Ccn2
Stk38l	Stk38l
Cck	Cck
Tiam2	Tiam2
Gm17268	Gm17268
Hist1h1c	Hist1h1c
Txnip	Txnip
Depp1	Depp1
March1	March1
Rims1	Rims1
Efnb2	Efnb2
Areg	Areg
Kank3	Kank3
Paqr5	Paqr5
Med21	Med21
Ank2	Ank2
B2m	B2m
Pbx3	Pbx3
Col4a1	Col4a1
Fxyd5	Fxyd5
Tnfsf9	Tnfsf9
Aspn	Aspn
Slc9a9	Slc9a9
Ccn1	Ccn1
Sema3d	Sema3d
Rgcc	Rgcc
Runx1	Runx1
Agmo	Agmo
Lyve1	Lyve1
Zfhx3	Zfhx3
Il1rapl2	Il1rapl2
Filip1l	Filip1l
Pakap.1	Pakap.1
Pid1	Pid1
Kcnj13	Kcnj13
Pfn2	Pfn2
Lum	Lum
Cacng4	Cacng4
Gpr84	Gpr84
Gjc1	Gjc1
Kdr	Kdr
Ms4a7	Ms4a7
Myo1b	Myo1b
Gabrg3	Gabrg3
Dstn	Dstn
Ptgs2	Ptgs2
Osbpl8	Osbpl8
Mef2a	Mef2a
Bcl2a1a	Bcl2a1a
Cd63	Cd63
Marcks	Marcks
Fchsd2	Fchsd2
Arpp21	Arpp21
Acsl3	Acsl3
Mpped2	Mpped2
Clstn2	Clstn2
Kcnab1	Kcnab1
Frmd4a	Frmd4a
Kl	Kl
Dclk1	Dclk1
Ubc	Ubc
Irf1	Irf1
Mia	Mia
Grin2a	Grin2a
Cited2	Cited2
Cd180	Cd180
Hivep2	Hivep2
Maf	Maf
Ubash3b	Ubash3b
Gm14023	Gm14023
Itga5	Itga5
Tac1	Tac1
Plau	Plau
Esyt2	Esyt2
Neat1	Neat1
Sox4	Sox4
Myt1l	Myt1l
Slc6a13	Slc6a13
Arl15	Arl15
Cntnap5a	Cntnap5a
Foxp1	Foxp1
Saa2	Saa2
Car10	Car10
Schip1	Schip1
Siglech	Siglech
Ctsl	Ctsl
Xkr4	Xkr4
Kcnc2	Kcnc2
Tenm3	Tenm3
Plat	Plat
Eln	Eln
Lgals1	Lgals1
Ccl9	Ccl9
Ier5	Ier5
Ikzf1	Ikzf1
E230029C05Rik	E230029C05Rik
Epn2	Epn2
Ntng1	Ntng1
Tsc22d3	Tsc22d3
Fmn1	Fmn1
Rgs6	Rgs6
Sema6d	Sema6d
Celf4	Celf4
Pde7b	Pde7b
Sema5a	Sema5a
Rbms1	Rbms1
Ppp1r14a	Ppp1r14a
Gm29260	Gm29260
Samd12	Samd12
Camk1d	Camk1d
Zeb1	Zeb1
Bcan	Bcan
Pde4d	Pde4d
Vwa1	Vwa1
Arhgap24	Arhgap24
Dynll1	Dynll1
Fcrls	Fcrls
Fscn1	Fscn1
Lyn	Lyn
Tmem72	Tmem72
Tspan13	Tspan13
Unc13c	Unc13c
Plcl2	Plcl2
Csrp1	Csrp1
Hes1	Hes1
Nr2f2	Nr2f2
Lgals3	Lgals3
Golim4	Golim4
Slc12a2	Slc12a2
Gm36642	Gm36642
H2afz	H2afz
Gdf15	Gdf15
Trbc2	Trbc2
Pcdh11x	Pcdh11x
Mki67	Mki67
App	App
Itih2	Itih2
Spock3	Spock3
Klf12	Klf12
Cdh18	Cdh18
Zc3h12c	Zc3h12c
Swap70	Swap70
Gab2	Gab2
Ano1	Ano1
Plac8	Plac8
Rel	Rel
Sorcs1	Sorcs1
Cadps	Cadps
Arhgap42	Arhgap42
Nrcam	Nrcam
Csf1r	Csf1r
Plxna4	Plxna4
Sox17	Sox17
Tenm4	Tenm4
Tubb5	Tubb5
Cables1	Cables1
Nkain3	Nkain3
Cfap299	Cfap299
Ifitm2	Ifitm2
Ets1	Ets1
Gm13201	Gm13201
Ccr5	Ccr5
Mir100hg	Mir100hg
Neurl3	Neurl3
P3h2	P3h2
Plce1	Plce1
Alkbh5	Alkbh5
Il34	Il34
Tafa2	Tafa2
Pfkfb3	Pfkfb3
Gucy1a1	Gucy1a1
Fjx1	Fjx1
Rsph1	Rsph1
Lin7a	Lin7a
Synpr	Synpr
Abhd2	Abhd2
Carmn	Carmn
Cd209a	Cd209a
Klrk1	Klrk1
Gm26871	Gm26871
Pde10a	Pde10a
Cadm1	Cadm1
Cnksr2	Cnksr2
Cttnbp2	Cttnbp2
Gucy1a2	Gucy1a2
Zfp704	Zfp704
Dock8	Dock8
Ppfia2	Ppfia2
Thsd7b	Thsd7b
Kcnma1	Kcnma1
Selplg	Selplg
Ell2	Ell2
Astn2	Astn2
Rbpj	Rbpj
Foxp2	Foxp2
Dtna	Dtna
Fyb	Fyb
Maoa	Maoa
Ptprj	Ptprj
Rreb1	Rreb1
Gad2	Gad2
Ccl19	Ccl19
Sdk1	Sdk1
Ifitm10	Ifitm10
Slc4a10	Slc4a10
Dcx	Dcx
Chn2	Chn2
Mitf	Mitf
Nbea	Nbea
Clnk	Clnk
Themis	Themis
Pth1r	Pth1r
Sgip1	Sgip1
Dpyd	Dpyd
Zfand5	Zfand5
Cacna2d3	Cacna2d3
Fnbp1l	Fnbp1l
Prc1	Prc1
Clic5	Clic5
Fmnl2	Fmnl2
Ace2	Ace2
Mrtfb	Mrtfb
Aqp4	Aqp4
Hist1h1e	Hist1h1e
Ifit3	Ifit3
Actg1	Actg1
Mctp1	Mctp1
Mcc	Mcc
Prkn	Prkn
Tnik	Tnik
Nfia	Nfia
Gm14009	Gm14009
Bank1	Bank1
Ikzf3	Ikzf3
Ttc3	Ttc3
Polk	Polk
Slc44a4	Slc44a4
Itm2b	Itm2b
2610307P16Rik	2610307P16Rik
St3gal6	St3gal6
Gm15283	Gm15283
Trac	Trac
Gm48155	Gm48155
Laptm5	Laptm5
Phldb2	Phldb2
Agbl4	Agbl4
Gm5150	Gm5150
Scd2	Scd2
Emb	Emb
Map1a	Map1a
Arsb	Arsb
Lbp	Lbp
C1ql1	C1ql1
Gpx4	Gpx4
Kalrn	Kalrn
Rasgrp3	Rasgrp3
4931406P16Rik	4931406P16Rik
Xdh	Xdh
Cdh10	Cdh10
Gimap7	Gimap7
Palld	Palld
Iqgap1	Iqgap1
Lars2	Lars2
Csrp2	Csrp2
Hes5	Hes5
Dock10	Dock10
Saa1	Saa1
Tox	Tox
Dapp1	Dapp1
1700094D03Rik	1700094D03Rik
Slfn5	Slfn5
Ccnd3	Ccnd3
Gnao1	Gnao1
Sash1	Sash1
Tubb3	Tubb3
Adap2	Adap2
Stox2	Stox2
Selenow	Selenow
Gm32067	Gm32067
Hif1a	Hif1a
Edil3	Edil3
Timp2	Timp2
Vcl	Vcl
Hspa5	Hspa5
Gm13822	Gm13822
Gulp1	Gulp1
Stxbp6	Stxbp6
Brinp1	Brinp1
Wfdc2	Wfdc2
Flrt2	Flrt2
Cavin1	Cavin1
Casq2	Casq2
Ppia	Ppia
Rcsd1	Rcsd1
Cdkn1c	Cdkn1c
Grb14	Grb14
Podxl	Podxl
Chchd2	Chchd2
Sox18	Sox18
Cd3e	Cd3e
H3f3a	H3f3a
Snx29	Snx29
Bmp2k	Bmp2k
Myo10	Myo10
Slc22a17	Slc22a17
Setbp1	Setbp1
Aplp2	Aplp2
Gimap6	Gimap6
Gstm1	Gstm1
Cdh13	Cdh13
Msi2	Msi2
Mxd1	Mxd1
Rgs10	Rgs10
Dock9	Dock9
Aif1	Aif1
Car2	Car2
Mbnl1	Mbnl1
Tmem119	Tmem119
Lhx1	Lhx1
Zfp366	Zfp366
Arhgap5	Arhgap5
Pde1a	Pde1a
H1f0	H1f0
Man1a	Man1a
Rbms3	Rbms3
Pdzd2	Pdzd2
Vwf	Vwf
Rasl11a	Rasl11a
Itgb5	Itgb5
Kpna4	Kpna4
Snx24	Snx24
Galnt17	Galnt17
Olig2	Olig2
Pard3	Pard3
Tank	Tank
Ophn1	Ophn1
Plcb4	Plcb4
Egfr	Egfr
Mpp7	Mpp7
Klf9	Klf9
Samd3	Samd3
Slc7a11	Slc7a11
Cdh5	Cdh5
Pmepa1	Pmepa1
Gcnt2	Gcnt2
Gadd45g	Gadd45g
Btg1	Btg1
Il18r1	Il18r1
C1ql3	C1ql3
Igfbp3	Igfbp3
Tgm2	Tgm2
Oser1	Oser1
Bmp2	Bmp2
Clec10a	Clec10a
Tas1r1	Tas1r1
Akt3	Akt3
AW112010	AW112010
Slc22a8	Slc22a8
Casp4	Casp4
Wfdc1	Wfdc1
Otx2os1	Otx2os1
Fli1	Fli1
Pard3b	Pard3b
Npc2	Npc2
Hist1h2ae	Hist1h2ae
Ifi207	Ifi207
Atp8a2	Atp8a2
Slc25a4	Slc25a4
Stab1	Stab1
Nfe2l2	Nfe2l2
Scgb3a1	Scgb3a1
Tmem252	Tmem252
Cped1	Cped1
Gnas	Gnas
Ptprc	Ptprc
Cd59a	Cd59a
Cacna1a	Cacna1a
Scg3	Scg3
Ak7	Ak7
Maml2	Maml2
Bst2	Bst2
Dcdc2a	Dcdc2a
Bmpr2	Bmpr2
Nap1l5	Nap1l5
Cebpd	Cebpd
Rapgef2	Rapgef2
Iigp1	Iigp1
Apbb2	Apbb2
Lysmd4	Lysmd4
Gm10790	Gm10790
Sntb1	Sntb1
Nupr1	Nupr1
Bcl2	Bcl2
Hmgb1	Hmgb1
Hpgd	Hpgd
Aldh1a1	Aldh1a1
Dscaml1	Dscaml1
Nfix	Nfix
Icos	Icos
Ldhb	Ldhb
Slc3a2	Slc3a2
Adamts12	Adamts12
Col1a2	Col1a2
Zswim6	Zswim6
Rasd1	Rasd1
Gm2629	Gm2629
Sema6a	Sema6a
Gpr141	Gpr141
Entpd1	Entpd1
Ltbp4	Ltbp4
Aldh2	Aldh2
Diaph2	Diaph2
Crym	Crym
Cfh	Cfh
Gapdh	Gapdh
Mcl1	Mcl1
Cd81	Cd81
Xist	Xist
Snhg14	Snhg14
Sirpa	Sirpa
Ube2e2	Ube2e2
Hist1h1d	Hist1h1d
Prkch	Prkch
Egflam	Egflam
Atp5l	Atp5l
Col25a1	Col25a1
Il2rb	Il2rb
Syngr1	Syngr1
Trpc3	Trpc3
Cxcl14	Cxcl14
Erg	Erg
Gria3	Gria3
Des	Des
Pex5l	Pex5l
Lhfp	Lhfp
Atp1b2	Atp1b2
Aldoa	Aldoa
Chgb	Chgb
Gpr174	Gpr174
Mllt3	Mllt3
Camk2n1	Camk2n1
Bcl2l11	Bcl2l11
Tspan5	Tspan5
Hk2	Hk2
Pim1	Pim1
Ttyh1	Ttyh1
Rrad	Rrad
Epha7	Epha7
Flna	Flna
Gphn	Gphn
Gm5127	Gm5127
Itgav	Itgav
Zfpm2	Zfpm2
Akap6	Akap6
F3	F3
Rab7b	Rab7b
Cdh9	Cdh9
Enpp6	Enpp6
Camk2a	Camk2a
Frmd4b	Frmd4b
Oxr1	Oxr1
Nkain4	Nkain4
Shtn1	Shtn1
Grn	Grn
Atp5h	Atp5h
Cyba	Cyba
Pdgfb	Pdgfb
Grik1	Grik1
Nfkbid	Nfkbid
Crim1	Crim1
St6galnac5	St6galnac5
Cdh20	Cdh20
Tagln2	Tagln2
Rin2	Rin2
Abhd12	Abhd12
Cacna2d1	Cacna2d1
Adamtsl3	Adamtsl3
Smyd3	Smyd3
Bach2	Bach2
Adipor2	Adipor2
Sorcs3	Sorcs3
Jak1	Jak1
Cd226	Cd226
Tspan7	Tspan7
Bcl2l1	Bcl2l1
Elob	Elob
Ubb	Ubb
Gad1	Gad1
Birc3	Birc3
Rnf144b	Rnf144b
Sncg	Sncg
Zic1	Zic1
C130071C03Rik	C130071C03Rik
Rsrp1	Rsrp1
Tbx21	Tbx21
Atp5e	Atp5e
Chst11	Chst11
Hpgds	Hpgds
Krt18	Krt18
Sh3d19	Sh3d19
Cdh23	Cdh23
Nrip1	Nrip1
Pdlim5	Pdlim5
Sept11	Sept11
Tbxas1	Tbxas1
Plp1	Plp1
Nr3c2	Nr3c2
Serpini1	Serpini1
Cd209g	Cd209g
Slc30a10	Slc30a10
Bgn	Bgn
Luzp1	Luzp1
Atxn1	Atxn1
Col9a3	Col9a3
Fut8	Fut8
Tmem47	Tmem47
Mpeg1	Mpeg1
Plekhg1	Plekhg1
Fbln5	Fbln5
Rapgef4	Rapgef4
Rgs7	Rgs7
Arl6ip1	Arl6ip1
Map4	Map4
Hcn1	Hcn1
Nckap5	Nckap5
Adam12	Adam12
Ednra	Ednra
St18	St18
Pip4k2a	Pip4k2a
St8sia4	St8sia4
Cytip	Cytip
Atp5md	Atp5md
Abca1	Abca1
Mif	Mif
Aldh1a2	Aldh1a2
Anxa1	Anxa1
Gm11209	Gm11209
Slc16a12	Slc16a12
Slc16a10	Slc16a10
Tbc1d9	Tbc1d9
Plxna2	Plxna2
Pmaip1	Pmaip1
Fasl	Fasl
Kdm6b	Kdm6b
Ddhd1	Ddhd1
Hopx	Hopx
Gm19935	Gm19935
Mprip	Mprip
Gm42743	Gm42743
Kcnq3	Kcnq3
Chd4	Chd4
Gm36823	Gm36823
Il1r1	Il1r1
Gm20754	Gm20754
Hsp90ab1	Hsp90ab1
Cd248	Cd248
Atp5j	Atp5j
9630002D21Rik	9630002D21Rik
Slit3	Slit3
Fbxl17	Fbxl17
Peli2	Peli2
Col3a1	Col3a1
Arid5b	Arid5b
Rnase4	Rnase4
Prkca	Prkca
Ppm1h	Ppm1h
Spint2	Spint2
Hivep3	Hivep3
Txndc11	Txndc11
Cd68	Cd68
Lpcat2	Lpcat2
Gabrb3	Gabrb3
Lhfpl2	Lhfpl2
Stat4	Stat4
Sptan1	Sptan1
Klrb1b	Klrb1b
Dlx1	Dlx1
Apba1	Apba1
Net1	Net1
Fam49b	Fam49b
Slco2b1	Slco2b1
Gm4258	Gm4258
Slc24a3	Slc24a3
Grin3a	Grin3a
Acvrl1	Acvrl1
Cstb	Cstb
Gimap3	Gimap3
Rims2	Rims2
Ncald	Ncald
Magi1	Magi1
Prf1	Prf1
Blnk	Blnk
P4ha1	P4ha1
Grasp	Grasp
Litaf	Litaf
Dmac2l	Dmac2l
Mndal	Mndal
Ppp1r14b	Ppp1r14b
Stap1	Stap1
Tbc1d5	Tbc1d5
Phlpp1	Phlpp1
Nr4a3	Nr4a3
Mylip	Mylip
Fmo2	Fmo2
Smad7	Smad7
Ano4	Ano4
Bmx	Bmx
Specc1	Specc1
Ulk2	Ulk2
Prg4	Prg4
Spag16	Spag16
S100a1	S100a1
Ppp1r9a	Ppp1r9a
Afdn	Afdn
Ifih1	Ifih1
Col13a1	Col13a1
Map3k5	Map3k5
Stmn3	Stmn3
Frmd5	Frmd5
Psd3	Psd3
Itgb1	Itgb1
Ddit4l	Ddit4l
Galnt13	Galnt13
Gm13710	Gm13710
Lrrtm3	Lrrtm3
Hmgn2	Hmgn2
Steap4	Steap4
Insr	Insr
Susd6	Susd6
Lonrf3	Lonrf3
Btbd17	Btbd17
Chrm3	Chrm3
Cotl1	Cotl1
Foxd1	Foxd1
Slc38a5	Slc38a5
Atox1	Atox1
Prdx1	Prdx1
Gm10714	Gm10714
Arl4c	Arl4c
Gm20713	Gm20713
Rab31	Rab31
S100a16	S100a16
Rnf180	Rnf180
Large1	Large1
Ankrd44	Ankrd44
Cthrc1	Cthrc1
Phlda1	Phlda1
Gpr158	Gpr158
Tcim	Tcim
Bin1	Bin1
Pcmtd1	Pcmtd1
Ryr2	Ryr2
Arhgap25	Arhgap25
Stk39	Stk39
Itgam	Itgam
Sox9	Sox9
Cpeb2	Cpeb2
Gja4	Gja4
Ms4a4a	Ms4a4a
Matn4	Matn4
Ednrb	Ednrb
Hspa1a	Hspa1a
Kcnq1ot1	Kcnq1ot1
Cdh12	Cdh12
Igfbp5	Igfbp5
Hepacam	Hepacam
Cacna1d	Cacna1d
Prdx2	Prdx2
Hmgcs2	Hmgcs2
Zfp710	Zfp710
Stat3	Stat3
Slc1a1	Slc1a1
Mmp9	Mmp9
Sdc2	Sdc2
Tmem108	Tmem108
Acsl6	Acsl6
Ext1	Ext1
Cd36	Cd36
Cd84	Cd84
Lpin2	Lpin2
Cspg4	Cspg4
Airn	Airn
Pak3	Pak3
Abca9	Abca9
Gm10634	Gm10634
Slc6a12	Slc6a12
S100a11	S100a11
Camk2b	Camk2b
Cd34	Cd34
Ltc4s	Ltc4s
Aox3	Aox3
Gpc3	Gpc3
Dynlrb2	Dynlrb2
Otulinl	Otulinl
Naaladl2	Naaladl2
Tgfb1	Tgfb1
Ntrk3	Ntrk3
Ppp3ca	Ppp3ca
Pcsk1n	Pcsk1n
Atp5b	Atp5b
Eif1	Eif1
Gm32352	Gm32352
Tlr2	Tlr2
Foxn3	Foxn3
Mtus1	Mtus1
Ints6l	Ints6l
S100b	S100b
Pnpla7	Pnpla7
8030442B05Rik	8030442B05Rik
Rap1gds1	Rap1gds1
Crybb1	Crybb1
Fnip2	Fnip2
Gm4876	Gm4876
Calm2	Calm2
Prdx5	Prdx5
Agpat5	Agpat5
Thsd7a	Thsd7a
Gjc3	Gjc3
Syt11	Syt11
Pebp1	Pebp1
Igfbp6	Igfbp6
Fkbp5	Fkbp5
Mgat4a	Mgat4a
Slc17a7	Slc17a7
Hist1h3c	Hist1h3c
Gm30624	Gm30624
Serpine2	Serpine2
Nrp1	Nrp1
Tmem176b	Tmem176b
Gm15261	Gm15261
Irak2	Irak2
Mapk10	Mapk10
Serinc3	Serinc3
Shisa6	Shisa6
Ocln	Ocln
Skil	Skil
Asb4	Asb4
Tsc22d2	Tsc22d2
Myl12b	Myl12b
Itgax	Itgax
Jmjd1c	Jmjd1c
Ddx3x	Ddx3x
P2rx7	P2rx7
Cd2ap	Cd2ap
Sod3	Sod3
Tenm1	Tenm1
Igf1	Igf1
Prkcb	Prkcb
Gm14636	Gm14636
Dusp16	Dusp16
Cd69	Cd69
Id4	Id4
H2afv	H2afv
Ndrg2	Ndrg2
Hs3st5	Hs3st5
Ptpro	Ptpro
Gtdc1	Gtdc1
Ackr3	Ackr3
Itpr1	Itpr1
Ddit4	Ddit4
Wtip	Wtip
Lims1	Lims1
Cdk6	Cdk6
Cdr1os	Cdr1os
Khdrbs2	Khdrbs2
Bmpr1b	Bmpr1b
Lcp1	Lcp1
Pclaf	Pclaf
Map1lc3a	Map1lc3a
Pantr1	Pantr1
Calb1	Calb1
Cltc	Cltc
Adk	Adk
Cdh2	Cdh2
Scg2	Scg2
Csgalnact1	Csgalnact1
Ryr3	Ryr3
Chd9	Chd9
Itga6	Itga6
Pam	Pam
Ppfibp1	Ppfibp1
Ccdc88a	Ccdc88a
Gm32509	Gm32509
Mpzl1	Mpzl1
F5	F5
Mns1	Mns1
Slc12a6	Slc12a6
Arhgap22	Arhgap22
Wwtr1	Wwtr1
Asph	Asph
Il1r2	Il1r2
Pten	Pten
Serpina1b	Serpina1b
Ccnl1	Ccnl1
Mfsd2a	Mfsd2a
Ddc	Ddc
Acer3	Acer3
Fcna	Fcna
Pld1	Pld1
Ifi203	Ifi203
C1qtnf7	C1qtnf7
Fam102b	Fam102b
Uqcrb	Uqcrb
Ralgapa1	Ralgapa1
Tmem132d	Tmem132d
Sulf1	Sulf1
Scrg1	Scrg1
Nr4a2	Nr4a2
Uqcrq	Uqcrq
C130073E24Rik	C130073E24Rik
Etv6	Etv6
Rabgap1l	Rabgap1l
Samsn1	Samsn1
Cxcr6	Cxcr6
AU021092	AU021092
Rabac1	Rabac1
Adamts20	Adamts20
Csf3r	Csf3r
Hdac8	Hdac8
Skap2	Skap2
Col12a1	Col12a1
Ndst3	Ndst3
Mdh1	Mdh1
Zfp385b	Zfp385b
Hint1	Hint1
Srarp	Srarp
Ctdspl	Ctdspl
Wdr49	Wdr49
Pls3	Pls3
Anxa3	Anxa3
Gm6145	Gm6145
Ecm2	Ecm2
Snca	Snca
Gm17750	Gm17750
Il23a	Il23a
Tmem178b	Tmem178b
Psap	Psap
Dst	Dst
Gm26542	Gm26542
Rad51b	Rad51b
Gstm5	Gstm5
Camk2d	Camk2d
Cntnap5b	Cntnap5b
S100a13	S100a13
Dnah6	Dnah6
Rere	Rere
Cdk14	Cdk14
Zfp36l2	Zfp36l2
Myo1f	Myo1f
Ncoa1	Ncoa1
Ube2h	Ube2h
Fcgr1	Fcgr1
Sncb	Sncb
Serpina3g	Serpina3g
Cdk19	Cdk19
Plaur	Plaur
Fam172a	Fam172a
Sh3bgrl	Sh3bgrl
Slc16a2	Slc16a2
Trf	Trf
Gclc	Gclc
Il2ra	Il2ra
Plk2	Plk2
Pde2a	Pde2a
Nid1	Nid1
Tgfb2	Tgfb2
Chl1	Chl1
Mir155hg	Mir155hg
Stard13	Stard13
Laptm4a	Laptm4a
Slc39a12	Slc39a12
Tmem200b	Tmem200b
Fzd6	Fzd6
S100a4	S100a4
Snrk	Snrk
Grid1	Grid1
Bcas3	Bcas3
Mapre2	Mapre2
Herpud1	Herpud1
Prickle1	Prickle1
Olfml3	Olfml3
Msn	Msn
Usp53	Usp53
Bach1	Bach1
Nell2	Nell2
Clmp	Clmp
Pcsk2	Pcsk2
Cnot6l	Cnot6l
Ptgs1	Ptgs1
Cask	Cask
Atp5j2	Atp5j2
Nos1ap	Nos1ap
Dok6	Dok6
Tcf12	Tcf12
5730522E02Rik	5730522E02Rik
A830008E24Rik	A830008E24Rik
Rgs7bp	Rgs7bp
Ano3	Ano3
Farp1	Farp1
Exoc3l2	Exoc3l2
Grm8	Grm8
Cd44	Cd44
Lrch1	Lrch1
Pvt1	Pvt1
Trim9	Trim9
Txnrd1	Txnrd1
Cpd	Cpd
Gm20186	Gm20186
0610040J01Rik	0610040J01Rik
Myo5a	Myo5a
Adcy2	Adcy2
Klf7	Klf7
Macf1	Macf1
Epha3	Epha3
Ptpra	Ptpra
C3ar1	C3ar1
Cplx2	Cplx2
2210408I21Rik	2210408I21Rik
Rmst	Rmst
Hpca	Hpca
Ifi27	Ifi27
Gmds	Gmds
Gap43	Gap43
Sec62	Sec62
3300002A11Rik	3300002A11Rik
Gm15155	Gm15155
Lamc1	Lamc1
Dab2ip	Dab2ip
Lncpint	Lncpint
Fmn2	Fmn2
Ctsa	Ctsa
Tspo	Tspo
Map3k7cl	Map3k7cl
Bub1b	Bub1b
Tbx2	Tbx2
Ccny	Ccny
Rev3l	Rev3l
A230057D06Rik	A230057D06Rik
Actn2	Actn2
Chn1	Chn1
Slco3a1	Slco3a1
Efna5	Efna5
Slc7a8	Slc7a8
Kcne2	Kcne2
Art3	Art3
Strn3	Strn3
Sox10	Sox10
Exoc6b	Exoc6b
Lag3	Lag3
Jam2	Jam2
Nfat5	Nfat5
Gabra2	Gabra2
Slc7a10	Slc7a10
Zbtb16	Zbtb16
Cacnb4	Cacnb4
Pou2f2	Pou2f2
Spag9	Spag9
Sema7a	Sema7a
Ly6h	Ly6h
Lmod1	Lmod1
Slc6a1	Slc6a1
S1pr3	S1pr3
Fgfr3	Fgfr3
Emp1	Emp1
Spon1	Spon1
St8sia6	St8sia6
Fcgrt	Fcgrt
Ptk2	Ptk2
Cdc42bpa	Cdc42bpa
Pik3r5	Pik3r5
Nusap1	Nusap1
Csmd2	Csmd2
Ror1	Ror1
Zmat4	Zmat4
Pan3	Pan3
Fam13c	Fam13c
Tgfbr2	Tgfbr2
Dip2b	Dip2b
Gng5	Gng5
Adgrl2	Adgrl2
Adgrg6	Adgrg6
Ssbp2	Ssbp2
Ifit1	Ifit1
Mthfsl	Mthfsl
Itpkc	Itpkc
Tns1	Tns1
Ctnnb1	Ctnnb1
Gper1	Gper1
Sh3kbp1	Sh3kbp1
Mgl2	Mgl2
Zcchc7	Zcchc7
Enah	Enah
Rcan2	Rcan2
Arap2	Arap2
Plin2	Plin2
Dgkd	Dgkd
Ttc28	Ttc28
Nrxn2	Nrxn2
Dmxl1	Dmxl1
Nhsl1	Nhsl1
Nell1	Nell1
Dgkg	Dgkg
Thra	Thra
Cacna1e	Cacna1e
Adap2os	Adap2os
Rnf213	Rnf213
Clec4n	Clec4n
Pllp	Pllp
Ptprr	Ptprr
Filip1	Filip1
Creg1	Creg1
Ccdc85b	Ccdc85b
Pdzrn3	Pdzrn3
Olfr111	Olfr111
Pik3ap1	Pik3ap1
Ppm1l	Ppm1l
Cdh8	Cdh8
Slc43a2	Slc43a2
Cttnbp2nl	Cttnbp2nl
Sphkap	Sphkap
Aoah	Aoah
Gm28523	Gm28523
Atp8a1	Atp8a1
Phf21a	Phf21a
Rassf3	Rassf3
Smap2	Smap2
Eogt	Eogt
Dipk2b	Dipk2b
Kansl1	Kansl1
Syn2	Syn2
Sp100	Sp100
Ttll7	Ttll7
Galnt7	Galnt7
Scg5	Scg5
Asap1	Asap1
Mat2a	Mat2a
Stk17b	Stk17b
Pkp4	Pkp4
Lair1	Lair1
Dnaja1	Dnaja1
Rdx	Rdx
Synm	Synm
Slc16a6	Slc16a6
Tmem176a	Tmem176a
Gm17473	Gm17473
Sowahc	Sowahc
Epha5	Epha5
Man2b1	Man2b1
Tmcc1	Tmcc1
Gpr17	Gpr17
Nr6a1os	Nr6a1os
Rgs20	Rgs20
Gm26532	Gm26532
Gata3	Gata3
Pclo	Pclo
Cd3d	Cd3d
Calr	Calr
Tns3	Tns3
Rhoj	Rhoj
Cd300c2	Cd300c2
Cnr1	Cnr1
Elovl7	Elovl7
Enpep	Enpep
Cav1	Cav1
Lima1	Lima1
Kctd8	Kctd8
Mdk	Mdk
Fcgr3	Fcgr3
Atp5mpl	Atp5mpl
Gtf2ird2	Gtf2ird2
Gm47283	Gm47283
Hexa	Hexa
Eml4	Eml4
Strbp	Strbp
Psip1	Psip1
Sp9	Sp9
Pdzrn4	Pdzrn4
Ptprn2	Ptprn2
Ifi202b	Ifi202b
Tppp3	Tppp3
Efhd2	Efhd2
Dync1i1	Dync1i1
Mgat5	Mgat5
AU020206	AU020206
Rack1	Rack1
Nme2	Nme2
Selenom	Selenom
Plekho2	Plekho2
Actn4	Actn4
Rtl4	Rtl4
Nr6a1	Nr6a1
Uchl1	Uchl1
Arhgap26	Arhgap26
Gm29683	Gm29683
Osm	Osm
Col1a1	Col1a1
Ramp1	Ramp1
Neto1	Neto1
Ybx1	Ybx1
Hspa8	Hspa8
Bcl6	Bcl6
Srgap1	Srgap1
Atp5d	Atp5d
Sox1ot	Sox1ot
Rgs22	Rgs22
Ism1	Ism1
Glrp1	Glrp1
Atp6v0c	Atp6v0c
Ndrg4	Ndrg4
Vti1a	Vti1a
Ankrd12	Ankrd12
Slc40a1	Slc40a1
Kcnj3	Kcnj3
Asrgl1	Asrgl1
Prkce	Prkce
Tinagl1	Tinagl1
Lyst	Lyst
Lockd	Lockd
Col4a2	Col4a2
Nbl1	Nbl1
Gch1	Gch1
Rock1	Rock1
Hist1h4d	Hist1h4d
Dpysl3	Dpysl3
Cryab	Cryab
Psma7	Psma7
Nckap1	Nckap1
Osbpl9	Osbpl9
Morrbid	Morrbid
Nf1	Nf1
Arhgef3	Arhgef3
Myh9	Myh9
Cpne4	Cpne4
Vsir	Vsir
B4galt1	B4galt1
A230006K03Rik	A230006K03Rik
Nav1	Nav1
Kcnn2	Kcnn2
Kcnk13	Kcnk13
Cd200	Cd200
Smdt1	Smdt1
Uqcrh	Uqcrh
Sem1	Sem1
Rab8b	Rab8b
Mylk4	Mylk4
Adgre1	Adgre1
Arl5b	Arl5b
Dip2c	Dip2c
Baz2b	Baz2b
Zfp804a	Zfp804a
9330175M20Rik	9330175M20Rik
Itpkb	Itpkb
Foxc1	Foxc1
Gm12865	Gm12865
Pde5a	Pde5a
Adgre5	Adgre5
Serf2	Serf2
Rrbp1	Rrbp1
Pdlim3	Pdlim3
H1fx	H1fx
Tbxa2r	Tbxa2r
Slc17a6	Slc17a6
Gm29585	Gm29585
Zfp462	Zfp462
Kif1b	Kif1b
Aff3	Aff3
Pip5k1b	Pip5k1b
Tomm7	Tomm7
Gm9946	Gm9946
Eps8	Eps8
9630028B13Rik	9630028B13Rik
Dennd1a	Dennd1a
Hist1h2be	Hist1h2be
Lrp1	Lrp1
Sesn1	Sesn1
Plppr1	Plppr1
Cd96	Cd96
Tmem163	Tmem163
Ch25h	Ch25h
Tnfrsf11a	Tnfrsf11a
Esrrg	Esrrg
Chd2	Chd2
Ski	Ski
Kcnip1	Kcnip1
Gm39027	Gm39027
Creb1	Creb1
Ggt1	Ggt1
Arf4	Arf4
Edn3	Edn3
Npm1	Npm1
Olfr558	Olfr558
Elmod1	Elmod1
Pcdh18	Pcdh18
Myl12a	Myl12a
Lbh	Lbh
Msr1	Msr1
Extl3	Extl3
Sumo2	Sumo2
Atpif1	Atpif1
Ubl3	Ubl3
Col4a6	Col4a6
Ifit3b	Ifit3b
Ghr	Ghr
Calcrl	Calcrl
Stat1	Stat1
P2ry10	P2ry10
Col8a1	Col8a1
Herc6	Herc6
Cebpa	Cebpa
1810037I17Rik	1810037I17Rik
Fut9	Fut9
Rbfox2	Rbfox2
Cdh4	Cdh4
Hmgb3	Hmgb3
H2-Q7	H2-Q7
Ppm1e	Ppm1e
Daglb	Daglb
Atp5k	Atp5k
Gm13861	Gm13861
Fam117b	Fam117b
Gbp4	Gbp4
Enpp1	Enpp1
Acaca	Acaca
BC028528	BC028528
Fmnl3	Fmnl3
Atp2b1	Atp2b1
St6gal1	St6gal1
Gbe1	Gbe1
Ddx5	Ddx5
Slc19a1	Slc19a1
Ppp1r1b	Ppp1r1b
Mxi1	Mxi1
Pde4dip	Pde4dip
Gm10076	Gm10076
Ece1	Ece1
Lgals3bp	Lgals3bp
Anxa2	Anxa2
Fgd5	Fgd5
Pkm	Pkm
Lmntd1	Lmntd1
Pacs1	Pacs1
Dusp6	Dusp6
Rock2	Rock2
Akap13	Akap13
Gjb6	Gjb6
Cyfip1	Cyfip1
Med12l	Med12l
Exoc4	Exoc4
Ahi1	Ahi1
Cmtm5	Cmtm5
Ptpn1	Ptpn1
Pcdh17	Pcdh17
Slit2	Slit2
Ldb2	Ldb2
Enox2	Enox2
Ccnd1	Ccnd1
Hnrnpa1	Hnrnpa1
Sox2	Sox2
Tiparp	Tiparp
Mbd5	Mbd5
Glud1	Glud1
Gm26740	Gm26740
Hspa1b	Hspa1b
Anxa5	Anxa5
5330438D12Rik	5330438D12Rik
Arih1	Arih1
Gns	Gns
Ltbp1	Ltbp1
Ogn	Ogn
Btbd9	Btbd9
Dlx2	Dlx2
Ubl5	Ubl5
Cers6	Cers6
Fam129a	Fam129a
Tspan3	Tspan3
Atp5o	Atp5o
Bmp6	Bmp6
Uba52	Uba52
Lrba	Lrba
Nr3c1	Nr3c1
Peli1	Peli1
Traf3	Traf3
Gnaq	Gnaq
Coq10b	Coq10b
Ctnna1	Ctnna1
Grrp1	Grrp1
Hsp90b1	Hsp90b1
Pmp22	Pmp22
Ccr6	Ccr6
Map3k20	Map3k20
Spag17	Spag17
Tmtc1	Tmtc1
Rftn1	Rftn1
Zdhhc14	Zdhhc14
Acsbg1	Acsbg1
Cntn6	Cntn6
Chd7	Chd7
Gab1	Gab1
Ntn4	Ntn4
Stag1	Stag1
Slc38a2	Slc38a2
Carmil1	Carmil1
B3gnt2	B3gnt2
Jpt1	Jpt1
Apobec1	Apobec1
Grm1	Grm1
Oaz1	Oaz1
Lst1	Lst1
Hmgn1	Hmgn1
Gas6	Gas6
Sik3	Sik3
Epc1	Epc1
Clip1	Clip1
Ipmk	Ipmk
Ppp1r2	Ppp1r2
Lsr	Lsr
Rbfox3	Rbfox3
Ivns1abp	Ivns1abp
Sik1	Sik1
Ctsh	Ctsh
Cyp7b1	Cyp7b1
Anapc15	Anapc15
Arhgef12	Arhgef12
Myo1d	Myo1d
Gm46367	Gm46367
Mgll	Mgll
Sdk2	Sdk2
Txn1	Txn1
Gnai2	Gnai2
Kcnk1	Kcnk1
Retreg1	Retreg1
Thbs1	Thbs1
Ptchd4	Ptchd4
Atp2b2	Atp2b2
Rasip1	Rasip1
Il6st	Il6st
Itpr2	Itpr2
Slc2a13	Slc2a13
Nudt4	Nudt4
Ptpn22	Ptpn22
Tpd52	Tpd52
Ssr4	Ssr4
Insyn2b	Insyn2b
Top1	Top1
Adcy8	Adcy8
Pir	Pir
Unc93b1	Unc93b1
Gm5086	Gm5086
Fas	Fas
Hmmr	Hmmr
Angpt1	Angpt1
Srsf7	Srsf7
Lamp1	Lamp1
Fbxo11	Fbxo11
Fryl	Fryl
Ms4a6c	Ms4a6c
Tmem135	Tmem135
Ltb	Ltb
Rptor	Rptor
Rhoh	Rhoh
Pfn1	Pfn1
Tuba1b	Tuba1b
Rassf9	Rassf9
Astn1	Astn1
Rhoa	Rhoa
Prr16	Prr16
Irf8	Irf8
Il7r	Il7r
Kcnh8	Kcnh8
Cfap54	Cfap54
Npnt	Npnt
Wnk1	Wnk1
Eda	Eda
Lpp	Lpp
Slfn2	Slfn2
Cgnl1	Cgnl1
Odc1	Odc1
Calm3	Calm3
Havcr2	Havcr2
Mcam	Mcam
Elavl2	Elavl2
Fcho2	Fcho2
Afap1l1	Afap1l1
Pim3	Pim3
Ankdd1b	Ankdd1b
Bcl11a	Bcl11a
Ktn1	Ktn1
Sall1	Sall1
Cntn3	Cntn3
Parp8	Parp8
Dock11	Dock11
Tbx3	Tbx3
Hspa12b	Hspa12b
Efr3b	Efr3b
G0s2	G0s2
Icam2	Icam2
Dennd5b	Dennd5b
AC149090.1	AC149090.1
Prss23	Prss23
Trim2	Trim2
Lacc1	Lacc1
Svil	Svil
N4bp1	N4bp1
Nrbf2	Nrbf2
Gm16064	Gm16064
Epsti1	Epsti1
Cxcl16	Cxcl16
Thsd4	Thsd4
Tnrc6c	Tnrc6c
Klf10	Klf10
Atp2a2	Atp2a2
Pros1	Pros1
Atrnl1	Atrnl1
Tnrc6b	Tnrc6b
Nbeal1	Nbeal1
Enkur	Enkur
Tox3	Tox3
Gramd3	Gramd3
Gpd2	Gpd2
Sall3	Sall3
Tanc1	Tanc1
Hnrnpa2b1	Hnrnpa2b1
Crispld1	Crispld1
Sncaip	Sncaip
Daam2	Daam2
Gbp7	Gbp7
Elk3	Elk3
Parp14	Parp14
Tpm4	Tpm4
Mir9-3hg	Mir9-3hg
4930523C07Rik	4930523C07Rik
Smg6	Smg6
F630028O10Rik	F630028O10Rik
Mycbp2	Mycbp2
Eif2s2	Eif2s2
Eef1b2	Eef1b2
Rhobtb1	Rhobtb1
Rbm47	Rbm47
Zic4	Zic4
Tagap	Tagap
Edem1	Edem1
Cnbp	Cnbp
Adcy1	Adcy1
Phactr2	Phactr2
Cenpe	Cenpe
Dgkh	Dgkh
S100a10	S100a10
Tmod3	Tmod3
Camk4	Camk4
Gpx1	Gpx1
Osbpl1a	Osbpl1a
Bcor	Bcor
Mmrn2	Mmrn2
Degs2	Degs2
Rfx3	Rfx3
Fnip1	Fnip1
Gas5	Gas5
Slc25a25	Slc25a25
Ywhaq	Ywhaq
Shisa9	Shisa9
Klf13	Klf13
Ncl	Ncl
Nrros	Nrros
Ldlrad3	Ldlrad3
Man1c1	Man1c1
Ifi30	Ifi30
Aig1	Aig1
Lcorl	Lcorl
Aftph	Aftph
Clic6	Clic6
C530008M17Rik	C530008M17Rik
Clasp2	Clasp2
Kif5b	Kif5b
Rffl	Rffl
Zfand3	Zfand3
Naca	Naca
Atrx	Atrx
Tnfrsf19	Tnfrsf19
Nxn	Nxn
Ncf2	Ncf2
Sbf2	Sbf2
Magi3	Magi3
Fgfr2	Fgfr2
Nuak1	Nuak1
Vsnl1	Vsnl1
Jdp2	Jdp2
Lrrfip1	Lrrfip1
Nucks1	Nucks1
Gsn	Gsn
Prkd1	Prkd1
Cfl1	Cfl1
Spred1	Spred1
Ifngr1	Ifngr1
Slc38a6	Slc38a6
Enc1	Enc1
Chst8	Chst8
Il10ra	Il10ra
Ppp1r12a	Ppp1r12a
Jak2	Jak2
Dock1	Dock1
Stxbp5l	Stxbp5l
Dnajc1	Dnajc1
Nlk	Nlk
Smarca2	Smarca2
Etfb	Etfb
Plcg2	Plcg2
Prxl2a	Prxl2a
Rcan1	Rcan1
Tecr	Tecr
Snx5	Snx5
Ptms	Ptms
Cdkal1	Cdkal1
Fyn	Fyn
Prickle2	Prickle2
Tle5	Tle5
Ywhah	Ywhah
Nes	Nes
Phip	Phip
Taf4b	Taf4b
Peak1	Peak1
Eif4a1	Eif4a1
Mfap4	Mfap4
Camkmt	Camkmt
Znrf2	Znrf2
Gata2	Gata2
Wwp1	Wwp1
Fam107a	Fam107a
Eva1b	Eva1b
6330403K07Rik	6330403K07Rik
Tmeff1	Tmeff1
Jarid2	Jarid2
Kcnmb2	Kcnmb2
Phf14	Phf14
Gsk3b	Gsk3b
Usp29	Usp29
Elavl3	Elavl3
Itga4	Itga4
Nsd1	Nsd1
Slc30a1	Slc30a1
Otud7a	Otud7a
Mrvi1	Mrvi1
Cpq	Cpq
Ucp2	Ucp2
Alpl	Alpl
Slc2a5	Slc2a5
Trim35	Trim35
Nek7	Nek7
Chsy3	Chsy3
Cd209d	Cd209d
Slc26a10	Slc26a10
Fnbp1	Fnbp1
Snrpg	Snrpg
Rbx1	Rbx1
Cradd	Cradd
Cbx3	Cbx3
Lims2	Lims2
Bbs9	Bbs9
Gli3	Gli3
Rapgef6	Rapgef6
Trpc4	Trpc4
Ahcyl2	Ahcyl2
Braf	Braf
Son	Son
Tpx2	Tpx2
4930402H24Rik	4930402H24Rik
Mbnl2	Mbnl2
Alas1	Alas1
Msra	Msra
Scaper	Scaper
Plscr4	Plscr4
Fam107b	Fam107b
Rasgrp2	Rasgrp2
Add3	Add3
Phactr3	Phactr3
Ubn2	Ubn2
Dnm1	Dnm1
Ndfip1	Ndfip1
Cd300a	Cd300a
Babam2	Babam2
Cd24a	Cd24a
Gm12002	Gm12002
Sipa1l2	Sipa1l2
Sema3g	Sema3g
Neu4	Neu4
Cd47	Cd47
Map4k4	Map4k4
Tex14	Tex14
Ehd4	Ehd4
Lypd1	Lypd1
Tmem204	Tmem204
Elp4	Elp4
Ywhab	Ywhab
Eml6	Eml6
AW554918	AW554918
4732471J01Rik	4732471J01Rik
Epha4	Epha4
Gabarapl2	Gabarapl2
Ushbp1	Ushbp1
Srsf3	Srsf3
Atp11c	Atp11c
Kmt2e	Kmt2e
Mcf2l	Mcf2l
March3	March3
Mtss2	Mtss2
Tceal9	Tceal9
Rap1b	Rap1b
Klhl29	Klhl29
Cux1	Cux1
Osbpl11	Osbpl11
Gng2	Gng2
Vegfc	Vegfc
Rtn4	Rtn4
Thbd	Thbd
Tbx15	Tbx15
Wasf2	Wasf2
Dpy19l4	Dpy19l4
Luc7l2	Luc7l2
Lilrb4a	Lilrb4a
Gna12	Gna12
Meig1	Meig1
Bcar3	Bcar3
Zfp608	Zfp608
Caln1	Caln1
Smim3	Smim3
Gls	Gls
Pomp	Pomp
Herc2	Herc2
Scn2a	Scn2a
Sh3bgrl3	Sh3bgrl3
Tacc1	Tacc1
Hemk1	Hemk1
Dock3	Dock3
Npy1r	Npy1r
Cass4	Cass4
Ifnar2	Ifnar2
Rasl12	Rasl12
Clta	Clta
Abi1	Abi1
Rhoc	Rhoc
Gm973	Gm973
Pdia6	Pdia6
Fkbp1a	Fkbp1a
Kmt2c	Kmt2c
Arih2	Arih2
Akap9	Akap9
Cfap44	Cfap44
Fgd2	Fgd2
Atp2c1	Atp2c1
Btbd7	Btbd7
Arid1b	Arid1b
Pfdn5	Pfdn5
Elmsan1	Elmsan1
Gm32036	Gm32036
Gabbr2	Gabbr2
Ncor1	Ncor1
Cd93	Cd93
Tgfbr3	Tgfbr3
A930007I19Rik	A930007I19Rik
Adam10	Adam10
Abr	Abr
Acap2	Acap2
Arhgap45	Arhgap45
1110017D15Rik	1110017D15Rik
Apc	Apc
Fbxo2	Fbxo2
Nedd4l	Nedd4l
Scmh1	Scmh1
Eya4	Eya4
Pycard	Pycard
Trhde	Trhde
Lrp8	Lrp8
Tec	Tec
Selenok	Selenok
Grcc10	Grcc10
Golm1	Golm1
Lcp2	Lcp2
Gtf2h2	Gtf2h2
Tead1	Tead1
Agap1	Agap1
Tubgcp5	Tubgcp5
Xrcc4	Xrcc4
Slc23a2	Slc23a2
Atg10	Atg10
Kif5c	Kif5c
Cab39l	Cab39l
Ptprcap	Ptprcap
2410006H16Rik	2410006H16Rik
Mthfs	Mthfs
Pabpc1	Pabpc1
Tubb2a	Tubb2a
Cyth4	Cyth4
Hck	Hck
Ogt	Ogt
Snrpn	Snrpn
Chmp2a	Chmp2a
Nap1l1	Nap1l1
Cap2	Cap2
Cpm	Cpm
Aopep	Aopep
Bex2	Bex2
Myo9a	Myo9a
Tnfaip8	Tnfaip8
Stambpl1	Stambpl1
Set	Set
Mlc1	Mlc1
Bnip3l	Bnip3l
Tax1bp1	Tax1bp1
Ptpn9	Ptpn9
Dapk1	Dapk1
Arhgap39	Arhgap39
Atp6v1f	Atp6v1f
Zc3h12b	Zc3h12b
Rai14	Rai14
Rian	Rian
Map1lc3b	Map1lc3b
St5	St5
Atp5a1	Atp5a1
Pcdh10	Pcdh10
Vav3	Vav3
Mier1	Mier1
Itsn1	Itsn1
Mmd2	Mmd2
Cyth3	Cyth3
Gm27008	Gm27008
Mapt	Mapt
Dgki	Dgki
Cdc37l1	Cdc37l1
Nrp2	Nrp2
Tbl1x	Tbl1x
Pcolce	Pcolce
Bcl11b	Bcl11b
Rtn3	Rtn3
Stard8	Stard8
Hnrnpa3	Hnrnpa3
Capza2	Capza2
Sos1	Sos1
Mtdh	Mtdh
Vmp1	Vmp1
Slc7a7	Slc7a7
Ankrd11	Ankrd11
Ran	Ran
Fstl5	Fstl5
Pcca	Pcca
Gm37240	Gm37240
Gpx8	Gpx8
Lsp1	Lsp1
Akap10	Akap10
Bnc2	Bnc2
Hook3	Hook3
Dek	Dek
Khdrbs3	Khdrbs3
Cbr2	Cbr2
Ppp1r16b	Ppp1r16b
Gm10260	Gm10260
Tmem59	Tmem59
Atp5f1	Atp5f1
Rem1	Rem1
Fgr	Fgr
Hspa2	Hspa2
Lrriq1	Lrriq1
Heyl	Heyl
Serping1	Serping1
Prokr2	Prokr2
Cflar	Cflar
P2ry13	P2ry13
Dnmt3a	Dnmt3a
Mill2	Mill2
Rsrc1	Rsrc1
Nedd8	Nedd8
Aff4	Aff4
Arhgdib	Arhgdib
Mbtd1	Mbtd1
Irf2	Irf2
Capn3	Capn3
Usp34	Usp34
Adrb2	Adrb2
Srgap3	Srgap3
Flnb	Flnb
Pdia3	Pdia3
C130074G19Rik	C130074G19Rik
Cavin3	Cavin3
Pla2r1	Pla2r1
Spi1	Spi1
Gdi2	Gdi2
Tent5c	Tent5c
Sugct	Sugct
Trim30a	Trim30a
Tpi1	Tpi1
Rnf169	Rnf169
Srp14	Srp14
Chd6	Chd6
Ehbp1	Ehbp1
Cbx5	Cbx5
Thsd1	Thsd1
Morf4l1	Morf4l1
Kansl1l	Kansl1l
Nalcn	Nalcn
Pld3	Pld3
Ptpn12	Ptpn12
Zmiz1	Zmiz1
Nsf	Nsf
Slc19a3	Slc19a3
Sv2b	Sv2b
Fgd4	Fgd4
Pwwp2a	Pwwp2a
Tbc1d16	Tbc1d16
Tmem164	Tmem164
Kcnt2	Kcnt2
Atp6v0a1	Atp6v0a1
Lama4	Lama4
Usp24	Usp24
Il6ra	Il6ra
Syne2	Syne2
Vrk2	Vrk2
Kdm6a	Kdm6a
Lrrk1	Lrrk1
Eif4g2	Eif4g2
Sec24a	Sec24a
Atp5g3	Atp5g3
Crlf3	Crlf3
Xpr1	Xpr1
Gabrb2	Gabrb2
Wwc2	Wwc2
Grb10	Grb10
Rras	Rras
Shroom4	Shroom4
Ddah1	Ddah1
Runx1t1	Runx1t1
Sema4d	Sema4d
Myo6	Myo6
Cmip	Cmip
Nipbl	Nipbl
Gda	Gda
Snx3	Snx3
Pik3c2a	Pik3c2a
Aplp1	Aplp1
Lmo4	Lmo4
Clec14a	Clec14a
Gcnt1	Gcnt1
Phc2	Phc2
Glis3	Glis3
Slc25a5	Slc25a5
Zhx3	Zhx3
Far2	Far2
Sfmbt1	Sfmbt1
Lamc3	Lamc3
Pafah1b1	Pafah1b1
Oasl2	Oasl2
Tcf7l2	Tcf7l2
Spata13	Spata13
Fam171b	Fam171b
Elf2	Elf2
Nckap1l	Nckap1l
Arhgap17	Arhgap17
Ube3a	Ube3a
Dnah3	Dnah3
Nptn	Nptn
Ptbp3	Ptbp3
Atp5c1	Atp5c1
Herc4	Herc4
Tbx18	Tbx18
Agfg1	Agfg1
Btf3	Btf3
Uaca	Uaca
Atp7a	Atp7a
Git2	Git2
Cnn3	Cnn3
Fus	Fus
Zc3hav1	Zc3hav1
Eif4a2	Eif4a2
Smad3	Smad3
Ppp1r12b	Ppp1r12b
Foxs1	Foxs1
Pcdh19	Pcdh19
Epb41	Epb41
Rgl1	Rgl1
Arid4b	Arid4b
Cd53	Cd53
Slc25a3	Slc25a3
Ldha	Ldha
Tsix	Tsix
Atp5g2	Atp5g2
Gabarap	Gabarap
Abtb2	Abtb2
Dpysl2	Dpysl2
Soga1	Soga1
Sypl	Sypl
Gnb4	Gnb4
Birc5	Birc5
Erbin	Erbin
B430010I23Rik	B430010I23Rik
Park7	Park7
Fez1	Fez1
Celf1	Celf1
Uvrag	Uvrag
Snx13	Snx13
Kif21a	Kif21a
Ssb	Ssb
Gusb	Gusb
Pld4	Pld4
Prex1	Prex1
Pkia	Pkia
Kras	Kras
Arpc3	Arpc3
Ust	Ust
Ptchd1	Ptchd1
Pde8a	Pde8a
Relb	Relb
Pnrc1	Pnrc1
Bcam	Bcam
Ezr	Ezr
Pnisr	Pnisr
Sdcbp	Sdcbp
Mllt10	Mllt10
Pcm1	Pcm1
Reep3	Reep3
Elf1	Elf1
Bri3	Bri3
Mtss1	Mtss1
Prrc2c	Prrc2c
Bin2	Bin2
Ranbp1	Ranbp1
Rbm3	Rbm3
Parvb	Parvb
Rbm25	Rbm25
Lrrc8d	Lrrc8d
Ncoa3	Ncoa3
Sub1	Sub1
Rabgef1	Rabgef1
Bmp5	Bmp5
Gimap4	Gimap4
Sh3glb1	Sh3glb1
Etv1	Etv1
Evl	Evl
Lmo2	Lmo2
2510009E07Rik	2510009E07Rik
Dync1i2	Dync1i2
Arl2bp	Arl2bp
Dock6	Dock6
Cerk	Cerk
Tlr7	Tlr7
Klhl5	Klhl5
Limd1	Limd1
Ywhaz	Ywhaz
Pdgfa	Pdgfa
Klf3	Klf3
Gbp2	Gbp2
Ascc3	Ascc3
Ankrd17	Ankrd17
Abi3	Abi3
Cd33	Cd33
Lrrc8c	Lrrc8c
Cnot2	Cnot2
Atxn7l3b	Atxn7l3b
Ifnar1	Ifnar1
Rbm39	Rbm39
Hnrnpk	Hnrnpk
Tnfrsf21	Tnfrsf21
Sgpp2	Sgpp2
Spire1	Spire1
Dennd5a	Dennd5a
Tmed10	Tmed10
Lmna	Lmna
Slc38a3	Slc38a3
Rnf216	Rnf216
Crebbp	Crebbp
Zfp652	Zfp652
Eif3f	Eif3f
Rcbtb2	Rcbtb2
Ctnnd1	Ctnnd1
Btaf1	Btaf1
Csnk1a1	Csnk1a1
Ankhd1	Ankhd1
Coro1a	Coro1a
Lrig1	Lrig1
Axl	Axl
Osmr	Osmr
Srsf5	Srsf5
Oxct1	Oxct1
E330020D12Rik	E330020D12Rik
Pak7	Pak7
Arpc2	Arpc2
Actr3	Actr3
Ddx6	Ddx6
Fndc3b	Fndc3b
Zfp407	Zfp407
Smg1	Smg1
9930021J03Rik	9930021J03Rik
Rab3c	Rab3c
Nsd3	Nsd3
Lcor	Lcor
Ywhae	Ywhae
D430041D05Rik	D430041D05Rik
Srpr	Srpr
Gpatch8	Gpatch8
Ppib	Ppib
Layn	Layn
Phkb	Phkb
Tcf20	Tcf20
Serbp1	Serbp1
Prpf4b	Prpf4b
Tpr	Tpr
Gng10	Gng10
Notch1	Notch1
Hnrnpf	Hnrnpf
Zfr	Zfr
Itch	Itch
Cpeb4	Cpeb4
Nsg2	Nsg2
Clk1	Clk1
Romo1	Romo1
Palm	Palm
Scamp2	Scamp2
Gsap	Gsap
Rbm6	Rbm6
Usp9x	Usp9x
Rnasek	Rnasek
Kctd1	Kctd1
Alox5ap	Alox5ap
Wdfy3	Wdfy3
Gnb1	Gnb1
Wls	Wls
Ash1l	Ash1l
She	She
Serpinb6a	Serpinb6a
Sec61g	Sec61g
Cog5	Cog5
R3hdm1	R3hdm1
Hnrnpu	Hnrnpu
Vps54	Vps54
Prkar1a	Prkar1a
Oip5os1	Oip5os1
Dag1	Dag1
Map3k3	Map3k3
Pi16	Pi16
Stk3	Stk3
Adgrg1	Adgrg1
Vps13b	Vps13b
Wac	Wac
Eif5a	Eif5a
Rhoq	Rhoq
Akr1a1	Akr1a1
Clint1	Clint1
Anp32b	Anp32b
Spop	Spop
Ighm	Ighm
Supt3	Supt3
Fars2	Fars2
Cnot4	Cnot4
Dad1	Dad1
Zfp292	Zfp292
Psmb8	Psmb8
Ncoa2	Ncoa2
Trio	Trio
Rab10	Rab10
Snx30	Snx30
Ptk2b	Ptk2b
Hebp1	Hebp1
Hivep1	Hivep1
Setd5	Setd5
Rflnb	Rflnb
Wdr26	Wdr26
Ralbp1	Ralbp1
Tbl1xr1	Tbl1xr1
Sfr1	Sfr1
Cep112	Cep112
Hecw1	Hecw1
Ech1	Ech1
Dyrk1a	Dyrk1a
Baz1a	Baz1a
Psme1	Psme1
Fbxw11	Fbxw11
Znrf3	Znrf3
Tbc1d1	Tbc1d1
Ptpn18	Ptpn18
Snx18	Snx18
Cysltr2	Cysltr2
Samd4	Samd4
Tut4	Tut4
Rad54b	Rad54b
Rb1	Rb1
Ube2s	Ube2s
Zfp638	Zfp638
Wdr44	Wdr44
Sik2	Sik2
Nsmce2	Nsmce2
P2ry6	P2ry6
Gng12	Gng12
Ago3	Ago3
Irf2bp2	Irf2bp2
Arglu1	Arglu1
Ppp2r3a	Ppp2r3a
Samhd1	Samhd1
Hecw2	Hecw2
Rasa1	Rasa1
Rab11a	Rab11a
Aqp11	Aqp11
Arpc1b	Arpc1b
Daam1	Daam1
Atf7	Atf7
Pkig	Pkig
Mkln1	Mkln1
Bnip2	Bnip2
Kif13b	Kif13b
Rabep1	Rabep1
Sppl3	Sppl3
Sobp	Sobp
Aff1	Aff1
Aim2	Aim2
Cdk13	Cdk13
Tomm6	Tomm6
Smurf2	Smurf2
Gngt2	Gngt2
Man1a2	Man1a2
Ptges3	Ptges3
Pik3cb	Pik3cb
Arid4a	Arid4a
Abcb1b	Abcb1b
Pik3cd	Pik3cd
Znrf1	Znrf1
Fubp1	Fubp1
Arrdc3	Arrdc3
Pou2f1	Pou2f1
Itga9	Itga9
St3gal5	St3gal5
Atp6v1a	Atp6v1a
Purb	Purb
Garnl3	Garnl3
Psma3	Psma3
Ambra1	Ambra1
Mfhas1	Mfhas1
Arhgap12	Arhgap12
Heatr5a	Heatr5a
Tra2a	Tra2a
Lamp2	Lamp2
Cast	Cast
E2f3	E2f3
Stag2	Stag2
Tma7	Tma7
Adamts16	Adamts16
Zeb2os	Zeb2os
Rap1a	Rap1a
Fer	Fer
Gbf1	Gbf1
Rab2a	Rab2a
Hnrnpa0	Hnrnpa0
Clic1	Clic1
Dnm2	Dnm2
Nktr	Nktr
Nsa2	Nsa2
Lrch3	Lrch3
Grb2	Grb2
Sorbs2os	Sorbs2os
Mobp	Mobp
Gm36602	Gm36602
Ctla4	Ctla4
Mog	Mog
Msmo1	Msmo1
Gm10754	Gm10754
Ndst4	Ndst4
Cd6	Cd6
Phyhipl	Phyhipl
Npsr1	Npsr1
Ptch1	Ptch1
4930557K07Rik	4930557K07Rik
Klrd1	Klrd1
Lax1	Lax1
4930417O13Rik	4930417O13Rik
Lix1	Lix1
Fam135b	Fam135b
Sfxn5	Sfxn5
Cacna2d2	Cacna2d2
Pik3c2g	Pik3c2g
Gm49678	Gm49678
Rspo3	Rspo3
Gm15987	Gm15987
Il4i1	Il4i1
Glo1	Glo1
Gm20416	Gm20416
Cd72	Cd72
Rnf220	Rnf220
Klhl2	Klhl2
Cd38	Cd38
Acaa2	Acaa2
Atp8b4	Atp8b4
Col6a6	Col6a6
2900097C17Rik	2900097C17Rik
Ctsw	Ctsw
Fcgr2b	Fcgr2b
Apoc4	Apoc4
Ptgis	Ptgis
Ptgir	Ptgir
Gm49097	Gm49097
E130310I04Rik	E130310I04Rik
Nptxr	Nptxr
Fhad1	Fhad1
Gm28258	Gm28258
Cdh19	Cdh19
Gm13481	Gm13481
Gdpd3	Gdpd3
Kcnd3	Kcnd3
Stk32a	Stk32a
Gm13536	Gm13536
Hspb2	Hspb2
Egfl8	Egfl8
Cav2	Cav2
Vps37b	Vps37b
Pbk	Pbk
A630014C17Rik	A630014C17Rik
Tmem132b	Tmem132b
Foxc2	Foxc2
Pacrg	Pacrg
H2-T23	H2-T23
Gm46224	Gm46224
Megf11	Megf11
Thrb	Thrb
Ankrd55	Ankrd55
Mapk4	Mapk4
Ranbp9	Ranbp9
Ccn6	Ccn6
Nkd1	Nkd1
Ak5	Ak5
Lmo7	Lmo7
Pdcd4	Pdcd4
Ccdc192	Ccdc192
Gm14964	Gm14964
Tmem256	Tmem256
Gm30075	Gm30075
Cd37	Cd37
Prelp	Prelp
Map4k3	Map4k3
Crebrf	Crebrf
Rnf125	Rnf125
Pgam1	Pgam1
Plpp4	Plpp4
Aebp1	Aebp1
Whrn	Whrn
Atp6v1g1	Atp6v1g1
Nedd9	Nedd9
Lrrc36	Lrrc36
Man2a1	Man2a1
Soga3	Soga3
Cyp1b1	Cyp1b1
Ythdc1	Ythdc1
2010001K21Rik	2010001K21Rik
Ptpn4	Ptpn4
Txk	Txk
Zbtb2	Zbtb2
Phf20l1	Phf20l1
Birc6	Birc6
Mpc1	Mpc1
Hydin	Hydin
Camta1	Camta1
Atp2a3	Atp2a3
Pla1a	Pla1a
Sdf2l1	Sdf2l1
